"",question,label,question_ID,Segment,WC,Analytic,Clout,Authentic,Tone,WPS,BigWords,Dic,Linguistic,function,pronoun,ppron,i,we,you,shehe,they,ipron,det,article,number,prep,auxverb,adverb,conj,negate,verb,adj,quantity,Drives,affiliation,achieve,power,Cognition,allnone,cogproc,insight,cause,discrep,tentat,certitude,differ,memory,Affect,tone_pos,tone_neg,emotion,emo_pos,emo_neg,emo_anx,emo_anger,emo_sad,swear,Social,socbehav,prosocial,polite,conflict,moral,comm,socrefs,family,friend,female,male,Culture,politic,ethnicity,tech,Lifestyle,leisure,home,work,money,relig,Physical,health,illness,wellness,mental,substances,sexual,food,death,need,want,acquire,lack,fulfill,fatigue,reward,risk,curiosity,allure,Perception,attention,motion,space,visual,auditory,feeling,time,focuspast,focuspresent,focusfuture,Conversation,netspeak,assent,nonflu,filler,AllPunc,Period,Comma,QMark,Exclam,Apostro,OtherP,Emoji
0,In this reaction  which compound acts as the reductant?,2,34,1,9,89.52,2.75,77.17,,9,33.33,66.67,55.56,55.56,22.22,0,0,0,0,0,0,22.22,22.22,11.11,0,22.22,0,0,11.11,0,0,0,0,0,0,0,0,22.22,0,22.22,0,11.11,0,0,0,11.11,0,0,0,0,0,0,0,0,0,0,0,0,0,0,0,0,0,0,0,0,0,0,0,0,0,0,0,0,0,0,0,0,0,0,0,0,0,0,0,0,0,0,0,0,0,0,0,0,0,0,0,0,11.11,0,0,11.11,0,0,0,0,0,0,0,0,0,0,0,0,11.11,0,0,11.11,0,0,0,0
1,Consider a scenario where Compound C is oxidized  and Compound D is reduced. If a new molecule  Compound F  acts similarly to Compound C in terms of electron transfer  what can we infer about F?,1,32,1,35,72.76,40.06,42.95,65.27,17.5,34.29,54.29,51.43,40,5.71,2.86,0,2.86,0,0,0,2.86,5.71,5.71,0,11.43,8.57,5.71,5.71,0,14.29,5.71,0,2.86,2.86,0,0,14.29,0,14.29,5.71,2.86,2.86,2.86,0,5.71,0,2.86,2.86,0,0,0,0,0,0,0,0,2.86,0,0,0,0,0,0,2.86,0,0,0,0,0,0,0,0,2.86,0,0,2.86,0,0,0,0,0,0,0,0,0,0,0,0,0,0,0,0,0,0,0,0,0,5.71,0,0,5.71,0,0,0,2.86,0,8.57,0,0,0,0,0,0,5.71,2.86,0,2.86,0,0,0,0
2,In the context of biological redox reactions  what does the term 'oxidation' refer to?,0,27,1,14,99,,24.32,,14,28.57,78.57,64.29,50,7.14,0,0,0,0,0,0,7.14,14.29,14.29,0,21.43,7.14,0,0,0,14.29,7.14,0,0,0,0,0,14.29,0,14.29,0,7.14,0,0,0,0,0,0,0,0,0,0,0,0,0,0,0,7.14,7.14,0,0,0,0,0,0,0,0,0,0,0,0,0,0,0,0,0,0,0,0,0,0,0,0,0,0,0,0,0,0,0,0,0,0,0,0,0,0,0,7.14,0,0,7.14,0,0,0,7.14,0,7.14,0,0,0,0,0,0,21.43,0,0,7.14,0,14.29,0,0
3,Which assumption is necessary for biologists' approach to teaching redox reactions to be considered easier for students to visualize?,3,36,1,19,98,40.06,70.28,92.27,19,47.37,94.74,57.89,42.11,5.26,0,0,0,0,0,0,5.26,0,0,0,26.32,10.53,0,0,0,15.79,10.53,0,0,0,0,0,21.05,0,21.05,10.53,5.26,0,5.26,0,5.26,0,5.26,5.26,0,0,0,0,0,0,0,0,10.53,5.26,0,0,0,0,0,5.26,0,0,0,0,0,0,0,0,15.79,0,0,15.79,0,0,0,0,0,0,0,0,0,0,0,5.26,0,0,0,0,0,0,0,0,0,10.53,0,5.26,0,5.26,0,0,0,5.26,5.26,0,0,0,0,0,0,10.53,0,0,5.26,0,5.26,0,0
4,Which of the following best describes the role of compound N in this reaction?,2,35,1,14,99,40.06,24.32,,14,28.57,85.71,64.29,50,14.29,0,0,0,0,0,0,14.29,21.43,14.29,0,21.43,0,0,0,0,7.14,7.14,0,7.14,0,7.14,0,14.29,0,14.29,0,7.14,0,0,0,7.14,0,0,0,0,0,0,0,0,0,0,0,14.29,7.14,0,0,0,0,7.14,7.14,0,0,0,0,0,0,0,0,0,0,0,0,0,0,0,0,0,0,0,0,0,0,0,0,0,0,0,0,0,0,0,0,7.14,7.14,0,0,7.14,0,0,0,0,0,0,0,0,0,0,0,0,7.14,0,0,7.14,0,0,0,0
5,In this metabolic pathway  what happens to the glucose molecule when it transfers electrons to NAD+ molecules?,2,33,1,17,79.1,,46.57,,17,47.06,64.71,52.94,47.06,17.65,0,0,0,0,0,0,17.65,11.76,5.88,0,17.65,0,5.88,5.88,0,5.88,0,0,0,0,0,0,0,0,0,0,0,0,0,0,0,0,0,0,0,0,0,0,0,0,0,0,0,0,0,0,0,0,0,0,0,0,0,0,0,0,0,0,5.88,0,0,5.88,0,0,0,0,0,0,0,0,0,0,0,0,0,0,0,0,0,0,0,0,0,11.76,0,0,11.76,0,0,0,5.88,0,5.88,0,0,0,0,0,0,11.76,0,0,5.88,0,0,5.88,0
6,Which of the following statements best describes oxidation in biological terms?,1,30,1,11,99,5.27,50.45,,11,45.45,72.73,63.64,36.36,9.09,0,0,0,0,0,0,9.09,9.09,9.09,0,18.18,0,0,0,0,9.09,18.18,0,9.09,0,9.09,0,9.09,0,9.09,0,0,0,0,0,9.09,0,0,0,0,0,0,0,0,0,0,0,9.09,9.09,0,0,0,0,9.09,0,0,0,0,0,0,0,0,0,0,0,0,0,0,0,0,0,0,0,0,0,0,0,0,0,0,0,0,0,0,0,0,0,9.09,9.09,0,0,9.09,0,0,0,0,0,0,0,0,0,0,0,0,9.09,0,0,9.09,0,0,0,0
7,"Compare and contrast the chemists' and biologists' approaches to teaching redox reactions based on their conceptual models, ease of visualization, and application context.",3,38,1,23,89.52,18.24,44.75,,23,47.83,78.26,39.13,34.78,4.35,4.35,0,0,0,0,4.35,0,8.7,4.35,0,13.04,0,0,13.04,0,4.35,0,0,0,0,0,0,21.74,0,21.74,4.35,8.7,0,0,0,8.7,0,0,0,0,0,0,0,0,0,0,0,8.7,4.35,0,0,0,0,0,4.35,0,0,0,0,0,0,0,0,13.04,0,0,13.04,0,0,0,0,0,0,0,0,0,0,0,0,0,0,0,0,0,0,0,0,0,8.7,0,4.35,0,4.35,0,0,0,0,0,0,0,0,0,0,0,21.74,4.35,8.7,0,0,8.7,0,0
8,What is the term for a compound that donates electrons in a redox reaction?,0,29,1,14,99,,24.32,,14,28.57,78.57,57.14,57.14,14.29,0,0,0,0,0,0,14.29,28.57,21.43,0,14.29,7.14,0,0,0,7.14,0,0,7.14,7.14,0,0,7.14,0,7.14,0,7.14,0,0,0,0,0,0,0,0,0,0,0,0,0,0,0,7.14,7.14,7.14,0,0,0,0,0,0,0,0,0,0,0,0,0,7.14,0,0,0,7.14,0,0,0,0,0,0,0,0,0,0,0,0,0,0,0,0,0,0,0,0,7.14,0,0,7.14,0,0,0,7.14,0,7.14,0,0,0,0,0,0,7.14,0,0,7.14,0,0,0,0
9,Given the reaction: X + Y → X+ + Y-  identify the roles of X and Y in terms of redox terminology.,1,31,1,19,99,70.59,8.42,,19,15.79,52.63,36.84,31.58,0,0,0,0,0,0,0,0,10.53,10.53,0,15.79,0,0,5.26,0,5.26,0,0,0,0,0,0,10.53,0,10.53,5.26,5.26,0,0,0,0,0,0,0,0,0,0,0,0,0,0,0,5.26,0,0,0,0,0,0,5.26,0,0,0,0,0,0,0,0,0,0,0,0,0,0,0,0,0,0,0,0,0,0,0,0,0,0,0,0,0,0,0,0,0,5.26,0,0,5.26,0,0,0,0,5.26,0,0,0,0,0,0,0,31.58,5.26,0,0,0,0,26.32,0
10,Which mnemonic can help you remember the biological definitions of oxidation and reduction?,0,28,1,13,53.56,81.78,30.98,99,13,46.15,76.92,61.54,46.15,15.38,7.69,0,0,7.69,0,0,7.69,7.69,7.69,0,7.69,7.69,0,7.69,0,15.38,7.69,0,7.69,7.69,0,0,30.77,0,30.77,15.38,0,7.69,0,0,7.69,7.69,7.69,7.69,0,0,0,0,0,0,0,0,15.38,7.69,7.69,0,0,0,0,7.69,0,0,0,0,0,0,0,0,0,0,0,0,0,0,0,0,0,0,0,0,0,0,0,0,0,0,0,0,0,0,0,0,0,0,0,0,0,0,0,0,0,7.69,7.69,0,0,0,0,0,0,7.69,0,0,7.69,0,0,0,0
11,What common theme underlies both the chemists' and biologists' definitions of redox reactions?,3,37,1,13,89.52,,2.93,,13,38.46,69.23,46.15,38.46,7.69,0,0,0,0,0,0,7.69,15.38,7.69,0,7.69,0,0,7.69,0,0,7.69,7.69,0,0,0,0,15.38,0,15.38,7.69,7.69,0,0,0,0,0,0,0,0,0,0,0,0,0,0,0,0,0,0,0,0,0,0,0,0,0,0,0,0,0,0,0,7.69,0,0,7.69,0,0,0,0,0,0,0,0,0,0,0,0,0,0,0,0,0,0,0,0,0,0,0,0,0,0,0,0,0,0,0,0,0,0,0,0,0,23.08,0,0,7.69,0,15.38,0,0
12,Which of the following statements correctly describes a biological redox reaction?,0,51,1,11,99,5.27,5.07,,11,54.55,72.73,54.55,36.36,9.09,0,0,0,0,0,0,9.09,18.18,18.18,0,9.09,0,0,0,0,9.09,9.09,0,0,0,0,0,18.18,0,18.18,0,9.09,0,0,0,9.09,0,0,0,0,0,0,0,0,0,0,0,9.09,9.09,0,0,0,0,9.09,0,0,0,0,0,0,0,0,0,0,0,0,0,0,0,0,0,0,0,0,0,0,0,0,0,0,0,0,0,0,0,0,0,0,0,0,0,0,0,0,0,0,0,0,0,0,0,0,0,0,9.09,0,0,9.09,0,0,0,0
13,Consider the following redox reaction: Zn + Cu^2+ → Zn^2+ + Cu. Based on this reaction  identify the reducing agent  oxidizing agent  molecule that becomes oxidized  and the reduced species.,1,52,1,29,93.52,78.45,2.1,,14.5,41.38,62.07,37.93,24.14,6.9,0,0,0,0,0,0,6.9,17.24,10.34,6.9,3.45,0,0,3.45,0,13.79,0,0,0,0,0,0,20.69,0,20.69,6.9,10.34,0,0,0,0,0,0,0,0,0,0,0,0,0,0,0,6.9,0,0,0,0,0,0,6.9,0,0,0,0,0,0,0,0,6.9,0,0,6.9,0,0,0,0,0,0,0,0,0,0,0,0,0,0,0,0,0,0,0,0,0,0,0,0,0,0,0,0,0,0,3.45,0,0,0,0,0,0,31.03,6.9,0,0,0,0,24.14,0
14,"Using the provided half-reactions  which of the following represents the correct composite chemical equation?

1. NADH + FAD + 2H+ → NAD+ + FADH2 + H+
2. NADH + FADH2 → NAD+ + FAD + 2e- + 2H+
3. NADH + FAD + H+ → NAD+ + FADH2
4. NADH + FAD + 2H+ → NAD+ + FADH2",2,54,1,40,96.56,26.5,1,,6.67,20,55,22.5,12.5,2.5,0,0,0,0,0,0,2.5,7.5,7.5,30,2.5,0,0,0,0,7.5,2.5,0,0,0,0,0,7.5,0,7.5,0,2.5,0,0,0,2.5,0,0,0,0,0,0,0,0,0,0,0,2.5,2.5,0,0,0,0,0,0,0,0,0,0,0,0,0,0,0,0,0,0,0,0,0,0,0,0,0,0,0,0,0,0,0,0,0,0,0,0,0,0,0,0,0,0,0,0,0,0,0,2.5,2.5,0,0,0,0,0,0,75,10,0,2.5,0,0,62.5,0
15,How do the roles of an oxidant and a reductant compare in a redox reaction?,3,56,1,15,99,40.06,63.35,,15,26.67,80,60,60,0,0,0,0,0,0,0,0,26.67,26.67,0,13.33,6.67,6.67,6.67,0,6.67,0,0,0,0,0,0,20,0,20,6.67,13.33,0,0,0,6.67,0,0,0,0,0,0,0,0,0,0,0,6.67,0,0,0,0,0,0,6.67,0,0,0,0,0,0,0,0,0,0,0,0,0,0,0,0,0,0,0,0,0,0,0,0,0,0,0,0,0,0,0,0,0,6.67,0,0,6.67,0,0,0,0,0,0,0,0,0,0,0,0,6.67,0,0,6.67,0,0,0,0
16,Which of the following best defines 'reduction potential'?,1,42,1,8,98.55,1.71,89.39,,8,50,87.5,75,37.5,12.5,0,0,0,0,0,0,12.5,12.5,12.5,0,12.5,0,0,0,0,25,12.5,0,12.5,0,12.5,0,37.5,0,37.5,12.5,0,0,12.5,0,12.5,0,0,0,0,0,0,0,0,0,0,0,0,0,0,0,0,0,0,0,0,0,0,0,0,0,0,0,0,0,0,0,0,0,0,0,0,0,0,0,0,0,0,0,0,0,0,0,0,0,0,0,12.5,0,0,0,0,0,0,0,0,0,12.5,12.5,0,0,0,0,0,37.5,0,0,12.5,0,25,0,0
17,What does the reduction potential (E0’) measure in a redox reaction?,0,39,1,11,97.37,,5.07,,11,36.36,72.73,45.45,45.45,9.09,0,0,0,0,0,0,9.09,18.18,18.18,9.09,9.09,9.09,0,0,0,9.09,0,0,0,0,0,0,18.18,0,18.18,0,9.09,0,9.09,0,0,0,0,0,0,0,0,0,0,0,0,0,0,0,0,0,0,0,0,0,0,0,0,0,0,0,0,0,0,0,0,0,0,0,0,0,0,0,0,0,0,0,0,0,0,0,0,0,0,0,0,0,0,9.09,0,0,9.09,0,0,0,0,0,9.09,9.09,0,0,0,0,0,36.36,0,0,9.09,0,9.09,18.18,0
18,Imagine a scenario where compound A has a reduction potential (E0') of -0.50 V and compound B has a reduction potential (E0') of 0.40 V. Predict the outcome of the electron transfer from compound A to compound B.,3,50,1,38,99,,1,,19,36.84,68.42,42.11,42.11,0,0,0,0,0,0,0,0,18.42,18.42,10.53,13.16,5.26,2.63,2.63,0,5.26,0,0,0,0,0,0,13.16,0,13.16,2.63,2.63,0,5.26,0,0,0,0,0,0,0,0,0,0,0,0,0,0,0,0,0,0,0,0,0,0,0,0,0,0,0,0,0,2.63,0,0,2.63,0,0,0,0,0,0,0,0,0,0,0,0,0,0,0,0,0,0,0,0,0,2.63,0,0,2.63,0,0,0,0,0,5.26,7.89,0,0,0,0,0,28.95,10.53,0,0,0,5.26,13.16,0
19,"For the claim 'the reduction potential of a compound is a measure of its ability to attract electrons' to be valid, which assumption must be true?",3,49,1,26,98.28,20.31,1,,26,30.77,84.62,69.23,57.69,7.69,0,0,0,0,0,0,7.69,19.23,15.38,0,19.23,15.38,0,0,0,19.23,7.69,0,3.85,0,3.85,0,23.08,0,23.08,3.85,0,7.69,7.69,7.69,3.85,0,0,0,0,0,0,0,0,0,0,0,3.85,3.85,0,0,0,0,0,0,0,0,0,0,0,0,0,0,0,0,0,0,0,0,0,0,0,0,0,0,0,0,0,0,0,0,0,0,0,0,0,0,0,0,0,0,0,0,0,0,0,0,7.69,3.85,0,0,0,0,0,15.38,0,3.85,3.85,0,7.69,0,0
20,If a redox reaction has a ΔE0' of -0.25 V  what can be inferred about the spontaneity and ΔG0' of the reaction?,1,44,1,22,89.52,17.46,1,,22,18.18,86.36,63.64,59.09,4.55,0,0,0,0,0,0,4.55,18.18,18.18,13.64,13.64,13.64,4.55,9.09,0,18.18,0,0,0,0,0,0,22.73,0,22.73,4.55,13.64,4.55,4.55,0,4.55,0,0,0,0,0,0,0,0,0,0,0,0,0,0,0,0,0,0,0,0,0,0,0,0,0,0,0,0,0,0,0,0,0,0,0,0,0,0,0,0,0,0,0,0,0,0,0,0,0,0,0,0,0,0,0,0,0,0,0,0,4.55,9.09,0,0,0,0,0,0,22.73,4.55,0,4.55,0,9.09,4.55,0
21,Which of the following statements is true about the relationship between electronegativity and reduction potential?,0,41,1,15,96.08,40.06,19.26,,15,46.67,80,66.67,53.33,6.67,0,0,0,0,0,0,6.67,13.33,13.33,0,20,6.67,6.67,6.67,0,13.33,6.67,0,6.67,6.67,0,0,20,0,20,0,0,0,6.67,0,6.67,0,0,0,0,0,0,0,0,0,0,0,6.67,0,0,0,0,0,0,6.67,0,0,0,0,0,0,0,0,0,0,0,0,0,0,0,0,0,0,0,0,0,0,0,0,0,0,0,0,0,0,0,0,0,6.67,0,0,6.67,0,0,0,0,0,6.67,6.67,0,0,0,0,0,6.67,0,0,6.67,0,0,0,0
22,What is the change in free energy (ΔG0') for the given redox reaction? Use F = 96.485 kJ/V.,2,46,1,18,98.16,,10.18,93.93,9,5.56,72.22,50,33.33,5.56,0,0,0,0,0,0,5.56,11.11,11.11,11.11,11.11,5.56,0,0,0,16.67,5.56,0,0,0,0,0,16.67,0,16.67,0,16.67,0,0,0,0,0,5.56,5.56,0,0,0,0,0,0,0,0,0,0,0,0,0,0,0,0,0,0,0,0,0,0,0,0,0,0,0,0,0,0,0,0,0,0,0,0,0,0,0,0,0,0,0,0,0,0,0,0,11.11,5.56,0,0,5.56,0,0,0,5.56,5.56,5.56,0,0,0,0,0,0,44.44,11.11,0,5.56,0,5.56,22.22,0
23,Which molecule acts as the electron donor  and which as the electron acceptor in the redox reaction between Molecule X (E0' = -0.20 V) and Molecule Y (E0' = -0.85 V)?,2,47,1,29,93.52,22.04,21.61,74.09,29,27.59,62.07,37.93,37.93,6.9,0,0,0,0,0,0,6.9,10.34,10.34,13.79,13.79,0,0,13.79,0,0,0,0,0,0,0,0,10.34,0,10.34,0,3.45,0,0,0,6.9,0,3.45,3.45,0,0,0,0,0,0,0,0,3.45,3.45,3.45,0,0,0,0,3.45,0,0,0,0,0,0,0,0,0,0,0,0,0,0,0,0,0,0,0,0,0,0,0,0,0,3.45,0,0,0,0,0,0,0,6.9,0,0,6.9,0,0,0,0,0,0,0,0,0,0,0,0,44.83,6.9,0,3.45,0,6.9,27.59,0
24,Based on the concept of reduction potential  which of the following scenarios would result in a spontaneous reaction?,1,43,1,18,99,13.82,10.18,,18,38.89,83.33,61.11,50,5.56,0,0,0,0,0,0,5.56,16.67,16.67,0,22.22,5.56,0,0,0,16.67,0,0,0,0,0,0,38.89,0,38.89,5.56,16.67,5.56,5.56,0,5.56,0,0,0,0,0,0,0,0,0,0,0,0,0,0,0,0,0,0,0,0,0,0,0,0,0,0,0,0,0,0,0,0,0,0,0,0,0,0,0,0,0,0,0,0,0,0,0,0,0,0,0,0,5.56,0,0,5.56,0,0,0,0,0,0,5.56,0,0,0,0,0,5.56,0,0,5.56,0,0,0,0
25,Given the reduction potentials of Molecule A (-0.45 V) and Molecule B (+0.25 V)  will the electron transfer from Molecule A to Molecule B be spontaneous?,2,45,1,26,99,,,,26,34.62,53.85,42.31,38.46,0,0,0,0,0,0,0,0,15.38,15.38,7.69,11.54,7.69,0,3.85,0,11.54,0,0,0,0,0,0,0,0,0,0,0,0,0,0,0,0,0,0,0,0,0,0,0,0,0,0,0,0,0,0,0,0,0,0,0,0,0,0,0,0,0,0,3.85,0,0,3.85,0,0,0,0,0,0,0,0,0,0,0,0,0,0,0,0,0,0,0,0,0,0,0,0,0,0,0,0,0,3.85,0,3.85,0,0,0,0,0,34.62,7.69,0,3.85,0,0,23.08,0
26,What is the unit commonly used to express reduction potential?,0,40,1,10,69.05,,,,10,40,70,60,50,10,0,0,0,0,0,0,10,10,10,0,10,10,10,0,0,20,0,0,0,0,0,0,20,0,20,0,10,0,10,0,0,0,0,0,0,0,0,0,0,0,0,0,0,0,0,0,0,0,0,0,0,0,0,0,0,0,0,0,0,0,0,0,0,0,0,0,0,0,0,0,0,0,0,0,0,0,0,0,0,0,0,0,0,0,0,0,0,0,0,0,0,10,10,10,0,0,0,0,0,10,0,0,10,0,0,0,0
27,Which of the following statements best describes the difference between reduction potential (E0') and electronegativity?,3,48,1,15,98.78,1.24,63.35,,15,53.33,80,53.33,40,6.67,0,0,0,0,0,0,6.67,13.33,13.33,6.67,13.33,0,0,6.67,0,6.67,6.67,0,6.67,0,6.67,0,20,0,20,0,0,0,6.67,0,13.33,0,0,0,0,0,0,0,0,0,0,0,6.67,6.67,0,0,0,0,6.67,0,0,0,0,0,0,0,0,0,0,0,0,0,0,0,0,0,0,0,0,0,0,0,0,0,0,0,0,0,0,0,0,0,6.67,6.67,0,0,6.67,0,0,0,0,0,0,6.67,0,0,0,0,0,26.67,0,0,6.67,0,6.67,13.33,0
28,Which of the following is the correct definition of ΔG0’ in the equation ΔG0’ = -nFΔE0'?,0,57,1,15,99,10.48,63.35,,15,26.67,93.33,66.67,53.33,6.67,0,0,0,0,0,0,6.67,20,20,20,20,6.67,0,0,0,13.33,6.67,0,0,0,0,0,13.33,0,13.33,6.67,0,0,0,0,6.67,0,0,0,0,0,0,0,0,0,0,0,0,0,0,0,0,0,0,0,0,0,0,0,0,0,0,0,0,0,0,0,0,0,0,0,0,0,0,0,0,0,0,0,0,0,0,0,0,0,0,0,0,6.67,0,0,6.67,0,0,0,0,0,6.67,0,0,0,0,0,0,40,0,0,6.67,0,20,13.33,0
29,Consider a redox reaction where compound X has a reduction potential (E0') of -0.75 V and compound Y has a reduction potential (E0') of +0.35 V. Based on this information  which statement correctly describes the relationship between the difference in redox potentials (ΔE0') and the Gibbs free energy change (ΔG0') for this reaction?,1,61,1,53,96.59,29.6,29.13,49.04,26.5,32.08,71.7,43.4,37.74,5.66,0,0,0,0,0,0,5.66,15.09,11.32,11.32,11.32,3.77,1.89,3.77,0,7.55,1.89,0,1.89,1.89,0,0,18.87,0,18.87,3.77,7.55,0,3.77,0,3.77,0,1.89,1.89,0,0,0,0,0,0,0,0,3.77,1.89,0,0,0,0,1.89,1.89,0,0,0,0,0,0,0,0,0,0,0,0,0,0,0,0,0,0,0,0,0,0,0,0,0,0,0,0,0,0,0,0,3.77,5.66,0,0,5.66,0,0,0,1.89,0,3.77,3.77,0,0,0,0,0,33.96,5.66,0,1.89,0,7.55,18.87,0
30,Based on the given reduction potentials  is the directional transfer of electrons from Species B to Species A endergonic or exergonic?,2,62,1,21,99,16.63,5.94,,21,42.86,61.9,52.38,42.86,0,0,0,0,0,0,0,0,14.29,14.29,0,19.05,4.76,0,4.76,0,14.29,0,0,0,0,0,0,9.52,0,9.52,0,4.76,0,4.76,0,4.76,0,0,0,0,0,0,0,0,0,0,0,0,0,0,0,0,0,0,0,0,0,0,0,0,0,0,0,4.76,0,0,4.76,0,0,0,0,0,0,0,0,0,0,0,0,0,0,0,0,0,0,0,0,0,4.76,0,0,4.76,0,0,0,0,4.76,4.76,0,0,0,0,0,0,4.76,0,0,4.76,0,0,0,0
31,Which of the following statements correctly compares NAD+ and NADH in the context of redox reactions?,3,63,1,16,99,1.71,54.55,,16,37.5,62.5,50,43.75,6.25,0,0,0,0,0,0,6.25,12.5,12.5,0,18.75,0,0,6.25,0,6.25,0,0,0,0,0,0,18.75,0,18.75,0,6.25,0,0,0,12.5,0,0,0,0,0,0,0,0,0,0,0,0,0,0,0,0,0,0,0,0,0,0,0,0,0,0,0,0,0,0,0,0,0,0,0,0,0,0,0,0,0,0,0,0,0,0,0,0,0,0,0,0,6.25,0,0,6.25,0,0,0,0,0,0,0,0,0,0,0,0,12.5,0,0,6.25,0,0,6.25,0
32,How does the continuous hydrolysis and regeneration of ATP support cellular energy demands?,2,9,1,13,74.95,,81.58,99,13,46.15,61.54,53.85,38.46,0,0,0,0,0,0,0,0,7.69,7.69,0,7.69,7.69,7.69,7.69,0,15.38,7.69,0,7.69,0,0,7.69,7.69,0,7.69,7.69,7.69,0,0,0,0,0,7.69,7.69,0,0,0,0,0,0,0,0,7.69,7.69,7.69,0,0,0,0,0,0,0,0,0,0,0,0,0,0,0,0,0,0,0,0,0,0,0,0,0,0,0,0,0,0,0,0,0,0,0,0,0,0,7.69,0,0,7.69,0,0,0,7.69,0,7.69,0,0,0,0,0,0,7.69,0,0,7.69,0,0,0,0
33,What is formed when one phosphate group is removed from ATP?,0,3,1,11,6.68,86.82,5.07,,11,18.18,63.64,54.55,54.55,9.09,0,0,0,0,0,0,9.09,9.09,0,9.09,9.09,18.18,9.09,9.09,0,18.18,0,9.09,0,0,0,0,0,0,0,0,0,0,0,0,0,0,0,0,0,0,0,0,0,0,0,0,9.09,0,0,0,0,0,0,9.09,0,0,0,0,0,0,0,0,0,0,0,0,0,0,0,0,0,0,0,0,0,0,0,0,0,0,0,0,0,0,0,0,0,0,0,0,0,0,0,0,9.09,0,18.18,0,0,0,0,0,0,9.09,0,0,9.09,0,0,0,0
34,Which process releases energy from ATP?,0,2,1,6,89.52,1,39.59,,6,33.33,33.33,33.33,33.33,16.67,0,0,0,0,0,0,16.67,0,0,0,16.67,0,0,0,0,0,0,0,0,0,0,0,16.67,0,16.67,0,0,0,0,0,16.67,0,0,0,0,0,0,0,0,0,0,0,0,0,0,0,0,0,0,0,0,0,0,0,0,0,0,0,0,0,0,0,0,0,0,0,0,0,0,0,0,0,0,0,0,0,0,0,0,0,0,0,0,0,0,0,0,0,0,0,0,0,0,0,0,0,0,0,0,16.67,0,0,16.67,0,0,0,0
35,Why is ATP a suitable molecule for donating a phosphate group in this synthetic pathway?,2,8,1,15,96.08,77.41,19.26,,15,40,73.33,53.33,46.67,6.67,0,0,0,0,0,0,6.67,20,13.33,0,13.33,6.67,6.67,0,0,6.67,6.67,0,6.67,6.67,0,0,6.67,0,6.67,0,6.67,0,0,0,0,0,0,0,0,0,0,0,0,0,0,0,13.33,6.67,6.67,0,0,0,0,6.67,0,0,0,0,0,0,0,0,6.67,0,0,0,6.67,0,0,0,0,0,0,0,0,0,0,0,0,0,0,0,0,0,0,0,0,13.33,0,0,13.33,0,0,0,0,0,6.67,0,0,0,0,0,0,6.67,0,0,6.67,0,0,0,0
36,Which assumption is necessary for ATP hydrolysis to be considered an exergonic reaction?,3,10,1,13,89.52,7.93,81.58,,13,46.15,76.92,61.54,46.15,7.69,0,0,0,0,0,0,7.69,7.69,7.69,0,15.38,15.38,0,0,0,23.08,7.69,0,0,0,0,0,30.77,0,30.77,15.38,7.69,0,7.69,0,7.69,0,0,0,0,0,0,0,0,0,0,0,0,0,0,0,0,0,0,0,0,0,0,0,0,0,0,0,0,0,0,0,0,0,0,0,0,0,0,0,0,0,0,7.69,0,0,0,0,0,0,0,0,0,0,0,0,0,0,0,0,0,7.69,7.69,0,0,0,0,0,0,7.69,0,0,7.69,0,0,0,0
37,Classify the following process based on the mechanisms discussed for ATP synthesis: 'A cell uses the energy from the breakdown of glucose to directly transfer a phosphate group to ADP  forming ATP.',1,6,1,32,99,58.66,,,32,37.5,59.38,50,37.5,0,0,0,0,0,0,0,0,18.75,18.75,0,18.75,0,0,0,0,12.5,0,0,0,0,0,0,6.25,0,6.25,0,6.25,0,0,0,0,0,0,0,0,0,0,0,0,0,0,0,6.25,3.13,0,0,0,0,3.13,3.13,0,0,0,0,3.13,0,0,3.13,3.13,0,0,3.13,0,0,0,0,0,0,0,0,0,0,0,0,0,0,0,0,0,0,0,0,0,0,0,0,0,0,0,0,0,3.13,3.13,0,0,0,0,0,0,12.5,3.13,0,0,0,6.25,3.13,0
38,Which of the following best summarizes the concept of 'high-energy bonds' in ATP?,1,5,1,13,99,7.93,81.58,,13,30.77,76.92,61.54,46.15,7.69,0,0,0,0,0,0,7.69,15.38,15.38,0,23.08,0,0,0,0,7.69,7.69,0,7.69,0,7.69,0,15.38,0,15.38,7.69,0,0,0,0,7.69,0,0,0,0,0,0,0,0,0,0,0,0,0,0,0,0,0,0,0,0,0,0,0,0,0,0,0,7.69,0,0,0,7.69,0,0,0,0,0,0,0,0,0,0,0,0,0,0,0,0,0,0,0,7.69,7.69,0,0,7.69,0,0,0,0,0,0,0,0,0,0,0,0,30.77,0,0,7.69,0,15.38,7.69,0
39,Which of the following best compares the standard free energy of hydrolysis in ATP to other biological molecules?,3,11,1,18,99,1,77.17,93.93,18,33.33,77.78,72.22,44.44,5.56,0,0,0,0,0,0,5.56,16.67,11.11,0,22.22,0,0,0,0,5.56,27.78,0,5.56,0,5.56,0,16.67,0,16.67,0,0,0,0,0,16.67,0,5.56,5.56,0,0,0,0,0,0,0,0,0,0,0,0,0,0,0,0,0,0,0,0,0,0,0,0,0,0,0,0,0,0,0,0,0,0,0,0,0,0,0,0,0,0,0,0,0,0,0,0,11.11,5.56,0,0,5.56,0,0,0,0,0,0,0,0,0,0,0,0,5.56,0,0,5.56,0,0,0,0
40,Classify the following molecules based on their standard free energy of hydrolysis compared to ATP: Creatine phosphate  Glucose-6-phosphate  and ADP.,3,12,1,20,97.77,40.06,1,90.5,20,45,60,50,30,5,5,0,0,0,0,5,0,10,5,5,15,0,0,5,0,10,10,0,0,0,0,0,10,0,10,0,5,0,0,0,5,0,5,5,0,0,0,0,0,0,0,0,5,0,0,0,0,0,0,5,0,0,0,0,0,0,0,0,0,0,0,0,0,0,0,0,0,0,0,0,0,0,0,0,0,0,0,0,0,0,0,0,5,0,0,0,0,0,0,0,0,0,0,0,0,0,0,0,0,20,5,0,0,0,0,15,0
41,Imagine a scenario where a cell is rapidly consuming ATP and converting it to ADP. Based on your understanding of ATP's role and its hydrolysis reaction  what would you infer about the cell's immediate energy needs?,1,4,1,36,58.02,96.69,22.12,,18,25,72.22,61.11,50,13.89,5.56,0,0,5.56,0,0,8.33,13.89,8.33,0,11.11,5.56,8.33,5.56,0,13.89,2.78,0,0,0,0,0,19.44,0,19.44,8.33,8.33,5.56,0,0,0,0,0,0,0,0,0,0,0,0,0,0,8.33,0,0,0,0,0,0,8.33,0,0,0,0,0,0,0,0,0,0,0,0,0,0,0,0,0,0,0,0,0,0,0,2.78,0,0,0,0,0,0,0,0,0,5.56,0,2.78,2.78,0,0,0,5.56,0,5.56,0,0,0,0,0,0,11.11,2.78,0,2.78,0,5.56,0,0
42,What is the main cellular role of adenosine triphosphate (ATP)?,0,1,1,10,89.52,89.5,,,10,30,60,50,40,10,0,0,0,0,0,0,10,10,10,0,10,10,0,0,0,10,10,0,0,0,0,0,0,0,0,0,0,0,0,0,0,0,0,0,0,0,0,0,0,0,0,0,10,0,0,0,0,0,0,10,0,0,0,0,0,0,0,0,0,0,0,0,0,0,0,0,0,0,0,0,0,0,0,0,0,0,0,0,0,0,0,0,0,0,0,0,0,0,0,0,0,0,10,0,0,0,0,0,0,30,0,0,10,0,0,20,0
43,Which of the following best explains why ATP hydrolysis is an effective way for muscle cells to quickly obtain energy for contraction?,2,7,1,22,97.37,17.46,50.45,86.79,22,27.27,77.27,68.18,45.45,4.55,0,0,0,0,0,0,4.55,9.09,9.09,0,18.18,4.55,9.09,0,0,18.18,9.09,0,9.09,0,9.09,0,13.64,0,13.64,4.55,4.55,0,0,0,4.55,0,4.55,4.55,0,0,0,0,0,0,0,0,4.55,4.55,0,0,0,0,0,0,0,0,0,0,0,0,0,0,0,0,0,0,0,0,4.55,0,0,0,0,0,0,0,0,0,0,4.55,0,0,0,0,0,0,4.55,4.55,0,0,4.55,0,0,0,4.55,0,9.09,0,0,0,0,0,0,4.55,0,0,4.55,0,0,0,0
44,Which of the following best describes the process of conservation of mass in cellular metabolism?,0,64,1,15,99,10.48,19.26,,15,40,66.67,60,46.67,6.67,0,0,0,0,0,0,6.67,13.33,13.33,0,26.67,0,0,0,0,6.67,6.67,0,6.67,0,6.67,0,6.67,0,6.67,0,0,0,0,0,6.67,0,0,0,0,0,0,0,0,0,0,0,6.67,6.67,0,0,0,0,6.67,0,0,0,0,0,0,0,0,0,0,0,0,0,0,0,0,0,0,0,0,0,0,0,0,0,0,0,0,0,0,0,0,0,6.67,6.67,0,0,6.67,0,0,0,0,0,0,0,0,0,0,0,0,6.67,0,0,6.67,0,0,0,0
45,Which of the following molecules correctly represents the structure of ATP  specifically identifying its core nucleotide functional units?,1,65,1,18,95.3,13.82,10.18,,18,50,55.56,50,38.89,11.11,0,0,0,0,0,0,11.11,16.67,11.11,0,11.11,0,5.56,0,0,11.11,0,0,0,0,0,0,16.67,0,16.67,5.56,0,0,0,0,5.56,0,0,0,0,0,0,0,0,0,0,0,0,0,0,0,0,0,0,0,0,0,0,0,0,0,0,0,0,0,0,0,0,0,0,0,0,0,0,0,0,0,0,0,0,0,0,0,0,0,0,0,0,0,0,0,0,0,0,0,0,0,5.56,0,0,0,0,0,0,5.56,0,0,5.56,0,0,0,0
46,"Given that the hydrolysis of XTP releases a large amount of energy  which of the following best describes when it is appropriate to use the term 'high-energy bond'?

A. When the bond in question involves a large molecule like ATP or XTP.
B. When the hydrolysis of the bond results in a significant negative change in free energy.
C. When the bond is found in molecules involved in anabolic reactions.
D. When the bond involves a specific type of chemical structure  such as a phosphoanhydride bond.",2,67,1,86,98.31,27.38,53.52,20.23,9.56,25.58,67.44,60.47,45.35,3.49,0,0,0,0,0,0,3.49,18.6,16.28,0,15.12,2.33,5.81,8.14,0,6.98,9.3,3.49,1.16,0,1.16,0,9.3,0,9.3,2.33,4.65,0,2.33,0,2.33,0,2.33,1.16,1.16,0,0,0,0,0,0,0,2.33,2.33,0,0,0,0,2.33,0,0,0,0,0,0,0,0,0,0,0,0,0,0,0,0,0,0,0,0,0,0,0,0,0,0,0,0,0,0,0,0,0,4.65,5.81,0,0,5.81,0,0,0,8.14,2.33,2.33,0,0,0,0,0,0,13.95,9.3,0,1.16,0,2.33,1.16,0
47,Imagine a biochemical reaction in a cell that is endergonic with a ΔG°' of +15 kJ/mol. If this reaction is coupled with the hydrolysis of ATP (which has a ΔG°' of -30 kJ/mol)  what will be the net ΔG°' of the coupled reaction  and will it be thermodynamically favorable?,3,68,1,51,89.52,20,3.12,,25.5,21.57,70.59,58.82,54.9,9.8,0,0,0,0,0,0,9.8,17.65,13.73,3.92,13.73,13.73,0,3.92,0,13.73,0,3.92,0,0,0,0,11.76,0,11.76,1.96,5.88,0,1.96,0,3.92,0,0,0,0,0,0,0,0,0,0,0,0,0,0,0,0,0,0,0,0,0,0,0,0,0,0,0,0,0,0,0,0,0,0,0,0,0,0,0,0,0,0,0,0,0,0,0,0,0,0,0,0,1.96,0,0,1.96,0,0,0,0,0,5.88,3.92,0,0,0,0,0,27.45,1.96,0,1.96,0,5.88,17.65,0
48,Which of the following steps in glycolysis is directly associated with the investment of ATP?,1,19,1,15,99,10.48,63.35,,15,33.33,73.33,60,53.33,6.67,0,0,0,0,0,0,6.67,13.33,13.33,0,26.67,6.67,0,0,0,13.33,0,0,0,0,0,0,6.67,0,6.67,0,0,0,0,0,6.67,0,0,0,0,0,0,0,0,0,0,0,0,0,0,0,0,0,0,0,0,0,0,0,0,0,0,0,6.67,0,0,6.67,6.67,0,0,0,0,0,0,0,0,0,0,0,0,0,0,0,0,0,0,0,0,13.33,0,6.67,6.67,0,0,0,0,0,6.67,0,0,0,0,0,0,6.67,0,0,6.67,0,0,0,0
49,Which enzyme catalyzes the first step of glycolysis  where glucose is phosphorylated to form glucose 6-phosphate?,0,16,1,16,89.52,11.66,54.55,,16,37.5,62.5,43.75,43.75,6.25,0,0,0,0,0,0,6.25,12.5,6.25,12.5,12.5,6.25,6.25,0,0,6.25,6.25,6.25,0,0,0,0,12.5,0,12.5,0,6.25,0,0,0,6.25,0,0,0,0,0,0,0,0,0,0,0,0,0,0,0,0,0,0,0,0,0,0,0,0,0,0,0,0,0,0,0,0,0,0,0,0,0,0,0,0,0,0,0,0,0,0,0,0,0,0,0,0,12.5,0,6.25,6.25,0,0,0,0,0,6.25,0,0,0,0,0,0,12.5,0,0,6.25,0,0,6.25,0
50,A cell is found to have a high concentration of citrate and ATP. Based on the regulation of glycolysis  which enzyme's activity would most likely be inhibited under these conditions?,1,20,1,30,93.41,22.56,19.26,,15,26.67,76.67,66.67,53.33,6.67,0,0,0,0,0,0,6.67,16.67,10,0,16.67,13.33,0,3.33,0,20,10,3.33,3.33,0,0,3.33,23.33,0,23.33,6.67,6.67,3.33,3.33,0,3.33,0,0,0,0,0,0,0,0,0,0,0,0,0,0,0,0,0,0,0,0,0,0,0,0,0,0,0,0,0,0,0,0,0,0,0,0,0,0,0,0,0,0,0,0,0,0,0,0,0,0,0,6.67,10,3.33,0,6.67,0,0,0,0,3.33,3.33,0,0,0,0,0,0,10,3.33,0,3.33,0,3.33,0,0
51,Given the defective hexokinase enzyme in the mutant yeast strain  which of the following outcomes is most likely?,2,22,1,18,99,13.82,10.18,,18,22.22,66.67,61.11,44.44,5.56,0,0,0,0,0,0,5.56,22.22,16.67,0,11.11,5.56,0,0,0,16.67,11.11,5.56,0,0,0,0,16.67,0,16.67,0,5.56,0,5.56,0,5.56,0,0,0,0,0,0,0,0,0,0,0,0,0,0,0,0,0,0,0,0,0,0,0,0,0,0,0,0,0,0,0,0,0,0,0,0,0,0,0,0,0,0,0,0,0,0,0,0,0,0,0,0,5.56,0,0,5.56,0,0,0,0,5.56,5.56,0,0,0,0,0,0,5.56,0,0,5.56,0,0,0,0
52,Which of the following best summarizes the primary function of glycolysis?,1,21,1,11,99,5.27,5.07,,11,45.45,72.73,72.73,45.45,9.09,0,0,0,0,0,0,9.09,18.18,18.18,0,18.18,0,0,0,0,9.09,18.18,0,9.09,0,9.09,0,9.09,0,9.09,0,0,0,0,0,9.09,0,0,0,0,0,0,0,0,0,0,0,0,0,0,0,0,0,0,0,0,0,0,0,0,0,0,0,0,0,0,0,0,0,0,0,0,0,0,0,0,0,0,0,0,0,0,0,0,0,0,0,9.09,0,0,0,0,0,0,0,0,0,0,0,0,0,0,0,0,9.09,0,0,9.09,0,0,0,0
53,What is a common characteristic of the enzymes involved in glycolysis?,3,14,1,11,99,,5.07,,11,36.36,72.73,72.73,54.55,9.09,0,0,0,0,0,0,9.09,18.18,18.18,0,18.18,9.09,0,0,0,9.09,18.18,0,0,0,0,0,0,0,0,0,0,0,0,0,0,0,0,0,0,0,0,0,0,0,0,0,0,0,0,0,0,0,0,0,0,0,0,0,0,0,0,0,0,0,0,0,0,0,0,0,0,0,0,0,0,0,0,0,0,0,0,0,0,0,0,0,0,9.09,0,0,9.09,0,0,0,0,0,9.09,0,0,0,0,0,0,9.09,0,0,9.09,0,0,0,0
54,How do the standard Gibbs free energy change (ΔG°') and the cellular Gibbs free energy change (ΔG) for glycolytic reactions compare?,3,15,1,21,89.52,16.63,56.69,99,21,23.81,61.9,42.86,28.57,0,0,0,0,0,0,0,0,9.52,9.52,0,4.76,4.76,4.76,4.76,0,4.76,14.29,0,0,0,0,0,23.81,0,23.81,4.76,19.05,0,0,0,4.76,0,9.52,9.52,0,0,0,0,0,0,0,0,0,0,0,0,0,0,0,0,0,0,0,0,0,0,0,0,0,0,0,0,0,0,0,0,0,0,0,0,0,0,0,0,0,0,0,0,0,0,0,0,19.05,0,0,0,0,0,0,0,9.52,0,0,0,0,0,0,0,0,33.33,0,0,4.76,0,4.76,23.81,0
55,Which of the following best explains why the depletion of NAD+ levels would cause the second half of glycolysis to slow down?,2,23,1,22,99,17.46,50.45,,22,18.18,86.36,77.27,54.55,4.55,0,0,0,0,0,0,4.55,18.18,13.64,4.55,22.73,4.55,4.55,0,0,13.64,13.64,9.09,4.55,0,4.55,0,22.73,0,22.73,4.55,9.09,4.55,0,0,4.55,0,0,0,0,0,0,0,0,0,0,0,4.55,4.55,0,0,0,0,0,0,0,0,0,0,0,0,0,0,0,0,0,0,0,0,0,0,0,0,0,0,0,0,0,0,0,0,4.55,0,0,0,0,0,4.55,9.09,0,4.55,4.55,0,0,0,4.55,0,4.55,0,0,0,0,0,0,9.09,0,0,4.55,0,0,4.55,0
56,Which of the following assumptions supports the proposition that glycolysis is an ancient metabolic pathway?,3,13,1,15,96.08,10.48,93.95,,15,53.33,86.67,60,46.67,13.33,0,0,0,0,0,0,13.33,26.67,20,0,6.67,6.67,0,0,0,13.33,6.67,0,0,0,0,0,20,0,20,6.67,0,0,6.67,0,6.67,0,0,0,0,0,0,0,0,0,0,0,0,0,0,0,0,0,0,0,0,0,0,0,0,0,0,0,0,0,0,0,0,0,0,0,0,0,0,0,0,0,0,0,0,0,0,0,0,0,0,0,0,6.67,0,0,6.67,0,0,0,6.67,6.67,13.33,0,0,0,0,0,0,6.67,0,0,6.67,0,0,0,0
57,During the energy investment phase of glycolysis  how many ATP molecules are consumed?,0,17,1,13,96.67,,30.98,,13,30.77,53.85,46.15,46.15,0,0,0,0,0,0,0,0,15.38,7.69,0,15.38,7.69,7.69,0,0,7.69,7.69,7.69,0,0,0,0,7.69,0,7.69,7.69,7.69,0,0,0,0,0,0,0,0,0,0,0,0,0,0,0,0,0,0,0,0,0,0,0,0,0,0,0,0,0,0,0,7.69,0,0,7.69,7.69,0,0,0,0,0,0,0,0,0,0,0,0,0,0,0,0,0,0,0,0,0,0,0,0,0,0,0,7.69,0,7.69,0,0,0,0,0,0,7.69,0,0,7.69,0,0,0,0
58,Which of the following best explains the increased rate of glycolysis observed in the muscle cells under these conditions?,2,24,1,19,99,14.81,70.28,,19,31.58,84.21,73.68,47.37,10.53,0,0,0,0,0,0,10.53,21.05,15.79,0,21.05,0,0,0,0,10.53,5.26,10.53,5.26,0,5.26,0,10.53,0,10.53,5.26,0,0,0,0,5.26,0,0,0,0,0,0,0,0,0,0,0,5.26,5.26,0,0,0,0,0,0,0,0,0,0,0,0,0,0,0,0,0,0,0,0,5.26,0,0,0,0,0,0,0,0,0,0,0,0,0,0,0,0,0,5.26,15.79,5.26,0,10.53,5.26,0,0,0,5.26,5.26,0,0,0,0,0,0,5.26,0,0,5.26,0,0,0,0
59,Which of the following molecules is directly produced at the end of the glycolysis pathway?,0,18,1,15,99,10.48,63.35,,15,40,80,60,53.33,6.67,0,0,0,0,0,0,6.67,20,20,0,20,6.67,0,0,0,13.33,0,0,0,0,0,0,6.67,0,6.67,0,0,0,0,0,6.67,0,0,0,0,0,0,0,0,0,0,0,0,0,0,0,0,0,0,0,0,0,0,0,0,0,0,0,6.67,0,0,6.67,0,0,0,0,0,0,0,0,0,0,0,0,0,0,0,0,0,0,0,0,0,6.67,0,0,6.67,0,0,0,6.67,0,6.67,0,0,0,0,0,0,6.67,0,0,6.67,0,0,0,0
60,Which of the following lists the correct overall reactants and products of glycolysis?,0,69,1,13,99,7.93,2.93,,13,46.15,76.92,69.23,46.15,7.69,0,0,0,0,0,0,7.69,15.38,15.38,0,15.38,0,0,7.69,0,7.69,15.38,0,0,0,0,0,15.38,0,15.38,0,0,0,0,0,7.69,0,0,0,0,0,0,0,0,0,0,0,0,0,0,0,0,0,0,0,0,0,0,0,0,0,0,0,7.69,0,0,7.69,0,0,0,0,0,0,0,0,0,0,0,0,0,0,0,0,0,0,0,0,0,0,0,0,0,0,0,0,0,0,0,0,0,0,0,0,0,7.69,0,0,7.69,0,0,0,0
61,Consider a scenario where a cell's concentration of NAD+ is significantly reduced. Which of the following outcomes would most likely occur during glycolysis as a result? Choose the best answer.,1,70,1,30,97.77,22.56,63.35,,10,26.67,80,63.33,50,3.33,0,0,0,0,0,0,3.33,20,16.67,0,13.33,6.67,6.67,3.33,0,13.33,10,3.33,3.33,0,3.33,0,30,0,30,13.33,6.67,3.33,3.33,0,3.33,0,0,0,0,0,0,0,0,0,0,0,3.33,3.33,0,0,0,0,3.33,0,0,0,0,0,0,0,0,0,0,0,0,0,0,0,0,0,0,0,0,0,0,0,0,0,0,0,0,0,0,0,0,0,6.67,6.67,3.33,0,3.33,0,0,0,3.33,0,3.33,0,0,0,0,0,0,16.67,6.67,0,3.33,0,3.33,3.33,0
62,Which of the following best explains why the mutant glyceraldehyde-3-phosphate dehydrogenase fails to produce 1 3-bisphosphoglycerate and NADH?,2,73,1,18,95.3,13.82,10.18,,18,33.33,83.33,55.56,38.89,5.56,0,0,0,0,0,0,5.56,11.11,11.11,16.67,11.11,0,5.56,5.56,0,11.11,5.56,0,11.11,0,11.11,0,16.67,0,16.67,5.56,5.56,0,0,0,5.56,0,0,0,0,0,0,0,0,0,0,0,5.56,5.56,0,0,0,0,0,0,0,0,0,0,0,0,0,0,5.56,0,0,5.56,0,0,0,0,0,0,0,0,0,0,0,0,0,0,0,0,0,0,0,0,5.56,0,0,0,0,0,0,0,0,0,5.56,0,0,0,0,0,0,22.22,0,0,5.56,0,0,16.67,0
63,In the glycolysis pathway  the reaction catalyzed by glyceraldehyde-3-phosphate dehydrogenase couples an exergonic redox reaction to an endergonic phosphate transfer. Which of the following comparisons best illustrates the nature of this coupling?,3,74,1,32,99,11.66,15.38,,16,50,71.88,50,40.63,6.25,0,0,0,0,0,0,6.25,21.88,18.75,3.13,15.63,0,0,0,0,3.13,3.13,3.13,3.13,0,3.13,0,15.63,0,15.63,0,9.38,0,0,0,6.25,0,0,0,0,0,0,0,0,0,0,0,0,0,0,0,0,0,0,0,0,0,0,0,0,0,0,0,3.13,0,0,3.13,0,0,0,0,0,0,0,0,0,0,0,0,0,0,0,0,0,0,0,0,3.13,6.25,0,0,6.25,0,0,0,0,0,0,0,0,0,0,0,0,12.5,3.13,0,3.13,0,0,6.25,0
64,What is the acid dissociation constant  Ka  and how is it related to the strength of an acid?,1,1,1,18,79.79,,39.59,93.93,18,22.22,77.78,66.67,61.11,11.11,0,0,0,0,0,0,11.11,16.67,16.67,0,11.11,11.11,5.56,5.56,0,11.11,5.56,0,5.56,0,0,5.56,11.11,0,11.11,11.11,5.56,0,0,0,0,0,5.56,5.56,0,0,0,0,0,0,0,0,0,0,0,0,0,0,0,0,0,0,0,0,0,0,0,0,0,0,0,0,0,0,0,0,0,0,0,0,0,0,0,0,0,0,0,0,0,0,0,0,0,0,0,0,0,0,0,0,5.56,0,11.11,0,0,0,0,0,0,5.56,0,0,5.56,0,0,0,0
65,Given that the dissociation constant (Ka) of the weak acid HX is 1.0 x 10^-5  which of the following statements best describes the behavior of HX in a solution with a pH of 4.0?,2,4,1,35,99,24.76,11.24,1.98,35,20,74.29,57.14,42.86,5.71,0,0,0,0,0,0,5.71,20,17.14,11.43,17.14,2.86,0,0,0,8.57,8.57,0,8.57,0,5.71,2.86,5.71,0,5.71,2.86,0,0,0,0,2.86,0,2.86,0,2.86,0,0,0,0,0,0,0,2.86,2.86,0,0,0,0,2.86,0,0,0,0,0,0,0,0,0,0,0,0,0,0,0,2.86,2.86,0,0,0,0,0,0,0,0,0,0,0,0,0,0,0,0,2.86,2.86,0,0,2.86,0,0,0,2.86,2.86,2.86,0,0,0,0,0,0,20,5.71,0,2.86,0,0,11.43,0
66,Given that the acid dissociation constant (Ka) of acetic acid is 1.8 x 10^-5 and the Ka of hydrochloric acid (HCl) is 1 x 10^7  which statement best describes their dissociation behavior at a pH of 2?,3,5,1,39,92.63,40.06,1,,39,17.95,61.54,41.03,33.33,7.69,2.56,0,0,0,0,2.56,5.13,12.82,7.69,17.95,10.26,5.13,0,2.56,0,7.69,5.13,0,2.56,0,2.56,0,2.56,0,2.56,0,0,0,0,0,2.56,0,0,0,0,0,0,0,0,0,0,0,5.13,2.56,0,0,0,0,2.56,2.56,0,0,0,0,0,0,0,0,0,0,0,0,0,0,0,0,0,0,0,0,0,0,0,0,0,0,0,0,0,0,0,0,2.56,0,0,0,0,0,0,0,2.56,2.56,5.13,0,0,0,0,0,0,23.08,2.56,0,2.56,0,0,17.95,0
67,Which of the following represents the acid dissociation constant  Ka  for a weak acid?,0,7,1,14,99,9.23,24.32,1,14,28.57,71.43,71.43,42.86,7.14,0,0,0,0,0,0,7.14,21.43,21.43,0,14.29,0,0,0,0,14.29,14.29,0,7.14,0,0,7.14,14.29,0,14.29,0,0,0,0,0,7.14,0,7.14,0,7.14,0,0,0,0,0,0,0,0,0,0,0,0,0,0,0,0,0,0,0,0,0,0,0,0,0,0,0,0,0,7.14,7.14,0,0,0,0,0,0,0,0,0,0,0,0,0,0,0,0,0,0,0,0,0,0,0,0,7.14,0,7.14,0,0,0,0,0,0,7.14,0,0,7.14,0,0,0,0
68,Which statement correctly describes the relationship between pKa and acid strength?,0,9,1,11,89.52,40.06,50.45,99,11,54.55,63.64,36.36,36.36,9.09,0,0,0,0,0,0,9.09,9.09,9.09,0,9.09,0,0,9.09,0,0,0,0,18.18,9.09,0,9.09,9.09,0,9.09,0,0,0,0,0,9.09,0,9.09,9.09,0,0,0,0,0,0,0,0,18.18,9.09,0,0,0,0,9.09,9.09,0,0,0,0,0,0,0,0,0,0,0,0,0,0,0,0,0,0,0,0,0,0,0,0,0,0,0,0,0,0,0,0,0,9.09,0,0,9.09,0,0,0,0,0,0,0,0,0,0,0,0,9.09,0,0,9.09,0,0,0,0
69,A solution of formic acid (HCOOH) has a pKa of 3.75. If the pH of the solution is adjusted to 2.75  what is the likely protonation state of the formic acid molecules?,1,13,1,32,99,11.66,15.38,,16,15.63,68.75,53.13,50,3.13,0,0,0,0,0,0,3.13,18.75,18.75,6.25,15.63,9.38,0,3.13,0,9.38,3.13,0,6.25,0,6.25,0,15.63,0,15.63,6.25,0,0,6.25,0,6.25,0,0,0,0,0,0,0,0,0,0,0,0,0,0,0,0,0,0,0,0,0,0,0,0,0,0,0,0,0,0,0,0,0,0,0,0,0,0,0,0,0,0,0,0,0,0,0,0,0,0,0,0,0,0,0,0,0,0,0,0,0,9.38,0,0,0,0,0,0,18.75,9.38,0,3.13,0,0,6.25,0
70,Using the pKa value provided  what is the ratio of the deprotonated form [A-] to the protonated form [HA] of the weak acid HA in a solution with a pH of 6?,2,14,1,32,99,,1.63,1.56,32,12.5,75,65.63,50,3.13,0,0,0,0,0,0,3.13,25,25,3.13,18.75,3.13,0,0,0,6.25,3.13,3.13,6.25,0,3.13,3.13,6.25,0,6.25,3.13,3.13,0,0,0,0,0,3.13,0,3.13,0,0,0,0,0,0,0,3.13,3.13,0,0,0,0,0,0,0,0,0,0,0,0,0,0,0,0,0,0,0,0,3.13,3.13,0,0,0,0,0,0,0,0,0,0,0,0,0,0,0,0,0,3.13,0,0,3.13,0,0,0,0,3.13,3.13,0,6.25,6.25,0,0,0,18.75,0,0,3.13,0,0,15.63,0
71,Which of the following pairs correctly compares the pKa values and dissociation behavior of the given acids and bases?,3,16,1,19,98,3.34,8.42,,19,26.32,57.89,52.63,42.11,5.26,0,0,0,0,0,0,5.26,15.79,15.79,0,10.53,0,0,10.53,0,10.53,0,0,0,0,0,0,10.53,0,10.53,0,0,0,0,0,10.53,0,0,0,0,0,0,0,0,0,0,0,0,0,0,0,0,0,0,0,0,0,0,0,0,0,0,0,0,0,0,0,0,0,0,0,0,0,0,0,0,0,0,0,0,0,0,0,0,0,0,0,0,0,0,0,0,0,0,0,0,5.26,0,0,0,0,0,0,0,5.26,0,0,5.26,0,0,0,0
72,A solution contains a functional group with a pKa of 6.0. If the pH of the solution is adjusted to 7.0  what is the likely protonation state of this functional group?,1,18,1,31,99,40.06,35.88,,15.5,22.58,80.65,54.84,51.61,6.45,0,0,0,0,0,0,6.45,22.58,19.35,6.45,16.13,6.45,0,3.23,0,6.45,3.23,0,6.45,0,6.45,0,16.13,0,16.13,6.45,0,0,6.45,0,6.45,0,0,0,0,0,0,0,0,0,0,0,6.45,0,0,0,0,0,0,6.45,0,0,0,0,0,0,0,0,0,0,0,0,0,0,0,0,0,0,0,0,0,0,0,0,0,0,0,0,0,0,0,0,0,3.23,0,0,3.23,0,0,0,0,0,6.45,0,0,0,0,0,0,12.9,9.68,0,3.23,0,0,0,0
73,A functional group has a pKa of 6.5. In a solution with a pH of 8.5  what is the likely protonation state of this functional group?,0,20,1,26,99,81.78,2.93,,13,15.38,76.92,57.69,53.85,7.69,0,0,0,0,0,0,7.69,23.08,19.23,7.69,19.23,7.69,0,0,0,7.69,3.85,0,3.85,0,3.85,0,7.69,0,7.69,3.85,0,0,3.85,0,0,0,0,0,0,0,0,0,0,0,0,0,7.69,0,0,0,0,0,0,7.69,0,0,0,0,0,0,0,0,0,0,0,0,0,0,0,0,0,0,0,0,0,0,0,0,0,0,0,0,0,0,0,0,0,3.85,0,0,3.85,0,0,0,0,0,7.69,0,0,0,0,0,0,15.38,11.54,0,3.85,0,0,0,0
74,Based on the given pKa and pH values  what will be the predominant protonation state of the carboxylic acid functional group in the solution?,2,22,1,24,98.55,64.67,3.81,,24,20.83,62.5,54.17,45.83,4.17,0,0,0,0,0,0,4.17,16.67,16.67,0,12.5,8.33,0,4.17,0,16.67,0,0,4.17,0,4.17,0,8.33,0,8.33,4.17,4.17,0,0,0,0,0,0,0,0,0,0,0,0,0,0,0,4.17,0,0,0,0,0,0,4.17,0,0,0,0,0,0,0,0,0,0,0,0,0,0,0,0,0,0,0,0,0,0,0,0,0,0,0,0,0,0,0,0,0,4.17,0,0,4.17,0,0,0,0,4.17,0,4.17,0,0,0,0,0,4.17,0,0,4.17,0,0,0,0
75,A molecule has a functional group with a pKa of 6.5. Predict the protonation state of this functional group at a pH of 4.5  6.5  and 8.5.,3,23,1,27,99,80.61,,,13.5,18.52,74.07,48.15,48.15,3.7,0,0,0,0,0,0,3.7,22.22,18.52,14.81,18.52,3.7,0,3.7,0,3.7,0,0,0,0,0,0,3.7,0,3.7,0,0,0,0,0,0,0,0,0,0,0,0,0,0,0,0,0,7.41,0,0,0,0,0,0,7.41,0,0,0,0,0,0,0,0,0,0,0,0,0,0,0,0,0,0,0,0,0,0,0,0,0,0,0,0,0,0,0,0,0,0,0,0,0,0,0,0,0,0,3.7,3.7,0,0,0,0,0,22.22,22.22,0,0,0,0,0,0
76,Which statement best predicts the behavior of a carboxyl group (R-COOH) in a biomolecule at a pH of 3?,0,24,1,19,99,40.06,8.42,,19,26.32,68.42,52.63,47.37,5.26,0,0,0,0,0,0,5.26,21.05,21.05,5.26,21.05,0,0,0,0,0,5.26,0,5.26,0,5.26,0,10.53,0,10.53,0,0,0,0,0,5.26,0,0,0,0,0,0,0,0,0,0,0,5.26,0,0,0,0,0,0,5.26,0,0,0,0,0,0,0,0,0,0,0,0,0,0,0,0,0,0,0,0,0,0,0,0,0,0,0,0,0,0,0,0,5.26,5.26,0,0,5.26,0,0,0,0,0,0,5.26,0,0,0,0,0,21.05,0,0,5.26,0,0,15.79,0
77,A scientist is studying a biomolecule with a carboxylic acid functional group (pKa between 2-4). She introduces the biomolecule into a solution with a pH of 6. What can she predict about the protonation state of the carboxylic acid functional group?,1,25,1,41,99,88.82,1,,13.67,31.71,70.73,48.78,48.78,7.32,4.88,0,0,0,4.88,0,2.44,19.51,19.51,4.88,17.07,4.88,2.44,0,0,4.88,0,0,2.44,0,2.44,0,9.76,0,9.76,2.44,0,2.44,0,0,0,0,0,0,0,0,0,0,0,0,0,0,9.76,0,0,0,0,0,0,9.76,0,0,4.88,0,0,0,0,0,4.88,0,0,4.88,0,0,0,0,0,0,0,0,0,0,0,0,0,0,0,0,0,0,0,2.44,0,4.88,0,0,4.88,0,0,0,0,0,4.88,2.44,0,0,0,0,0,14.63,4.88,0,2.44,0,0,7.32,0
78,If the enzyme is placed in a solution with a pH of 5.5  what is the protonation state of the carboxylic acid group and how might this affect the enzyme's activity?,2,26,1,31,95.94,40.06,35.88,,31,16.13,74.19,61.29,58.06,6.45,0,0,0,0,0,0,6.45,22.58,19.35,3.23,12.9,9.68,3.23,6.45,0,12.9,0,0,3.23,0,3.23,0,16.13,0,16.13,6.45,6.45,0,6.45,0,3.23,0,0,0,0,0,0,0,0,0,0,0,3.23,0,0,0,0,0,0,3.23,0,0,0,0,0,0,0,0,0,0,0,0,0,0,0,0,0,0,0,0,0,0,0,0,0,0,0,0,0,0,0,0,0,6.45,0,0,6.45,0,0,0,0,3.23,6.45,3.23,0,0,0,0,0,9.68,3.23,0,3.23,0,3.23,0,0
79,A protein contains a carboxylic acid functional group with a pKa of 3.5 and an amine functional group with a pKa of 9. What is the most likely protonation state of these functional groups at a pH of 7  and how might this influence the protein's structure and function?,3,27,1,49,98.48,74.89,1,,24.5,22.45,69.39,53.06,51.02,6.12,0,0,0,0,0,0,6.12,22.45,16.33,6.12,14.29,4.08,2.04,6.12,0,4.08,4.08,2.04,2.04,0,0,2.04,8.16,0,8.16,2.04,4.08,0,4.08,0,0,0,0,0,0,0,0,0,0,0,0,0,8.16,2.04,0,0,0,0,0,6.12,0,0,0,0,0,0,0,0,0,0,0,0,0,0,0,0,0,0,0,0,0,0,0,0,0,0,0,0,0,0,0,0,0,2.04,0,0,2.04,0,0,0,0,0,2.04,2.04,0,0,0,0,0,8.16,4.08,0,2.04,0,2.04,0,0
